{
  "dhad_version": "0.4.0",
  "dataset": "dhad-controlled-gold-v1",
  "split": "test",
  "cases": 750,
  "words": 13226,
  "span": {
    "true_positives": 411,
    "false_positives": 84,
    "false_negatives": 131,
    "precision": 0.8303030303030303,
    "recall": 0.7583025830258303,
    "f0.5": 0.8148295003965107
  },
  "correction": {
    "true_positives": 411,
    "false_positives": 84,
    "false_negatives": 131,
    "precision": 0.8303030303030303,
    "recall": 0.7583025830258303,
    "f0.5": 0.8148295003965107
  },
  "sentence_exact_accuracy": 0.7546666666666667,
  "sentence_error_detection": {
    "true_positives": 345,
    "false_positives": 0,
    "false_negatives": 72,
    "precision": 1.0,
    "recall": 0.8273381294964028,
    "f0.5": 0.9599332220367279
  },
  "mean_reciprocal_rank": 1.0,
  "false_positives_per_1000_words": 6.35112656887948,
  "slices": {
    "domain": {
      "academic": {
        "cases": 167,
        "words": 2986,
        "span": {
          "true_positives": 65,
          "false_positives": 0,
          "false_negatives": 19,
          "precision": 1.0,
          "recall": 0.7738095238095238,
          "f0.5": 0.9447674418604652
        },
        "correction": {
          "true_positives": 65,
          "false_positives": 0,
          "false_negatives": 19,
          "precision": 1.0,
          "recall": 0.7738095238095238,
          "f0.5": 0.9447674418604652
        },
        "sentence_exact_accuracy": 0.8862275449101796,
        "false_positives_per_1000_words": 0.0
      },
      "administrative": {
        "cases": 83,
        "words": 1478,
        "span": {
          "true_positives": 0,
          "false_positives": 0,
          "false_negatives": 0,
          "precision": 1.0,
          "recall": 1.0,
          "f0.5": 1.0
        },
        "correction": {
          "true_positives": 0,
          "false_positives": 0,
          "false_negatives": 0,
          "precision": 1.0,
          "recall": 1.0,
          "f0.5": 1.0
        },
        "sentence_exact_accuracy": 1.0,
        "false_positives_per_1000_words": 0.0
      },
      "dialect": {
        "cases": 167,
        "words": 3018,
        "span": {
          "true_positives": 166,
          "false_positives": 28,
          "false_negatives": 42,
          "precision": 0.8556701030927835,
          "recall": 0.7980769230769231,
          "f0.5": 0.8434959349593497
        },
        "correction": {
          "true_positives": 166,
          "false_positives": 28,
          "false_negatives": 42,
          "precision": 0.8556701030927835,
          "recall": 0.7980769230769231,
          "f0.5": 0.8434959349593497
        },
        "sentence_exact_accuracy": 0.6646706586826348,
        "false_positives_per_1000_words": 9.27766732935719
      },
      "educational": {
        "cases": 166,
        "words": 2952,
        "span": {
          "true_positives": 58,
          "false_positives": 28,
          "false_negatives": 25,
          "precision": 0.6744186046511628,
          "recall": 0.6987951807228916,
          "f0.5": 0.6791569086651054
        },
        "correction": {
          "true_positives": 58,
          "false_positives": 28,
          "false_negatives": 25,
          "precision": 0.6744186046511628,
          "recall": 0.6987951807228916,
          "f0.5": 0.6791569086651054
        },
        "sentence_exact_accuracy": 0.7349397590361446,
        "false_positives_per_1000_words": 9.48509485094851
      },
      "journalism": {
        "cases": 84,
        "words": 1401,
        "span": {
          "true_positives": 64,
          "false_positives": 0,
          "false_negatives": 20,
          "precision": 1.0,
          "recall": 0.7619047619047619,
          "f0.5": 0.9411764705882353
        },
        "correction": {
          "true_positives": 64,
          "false_positives": 0,
          "false_negatives": 20,
          "precision": 1.0,
          "recall": 0.7619047619047619,
          "f0.5": 0.9411764705882353
        },
        "sentence_exact_accuracy": 0.7619047619047619,
        "false_positives_per_1000_words": 0.0
      },
      "social": {
        "cases": 83,
        "words": 1391,
        "span": {
          "true_positives": 58,
          "false_positives": 28,
          "false_negatives": 25,
          "precision": 0.6744186046511628,
          "recall": 0.6987951807228916,
          "f0.5": 0.6791569086651054
        },
        "correction": {
          "true_positives": 58,
          "false_positives": 28,
          "false_negatives": 25,
          "precision": 0.6744186046511628,
          "recall": 0.6987951807228916,
          "f0.5": 0.6791569086651054
        },
        "sentence_exact_accuracy": 0.4578313253012048,
        "false_positives_per_1000_words": 20.1294033069734
      }
    },
    "dialect": {
      "egyptian": {
        "cases": 41,
        "words": 738,
        "span": {
          "true_positives": 82,
          "false_positives": 14,
          "false_negatives": 0,
          "precision": 0.8541666666666666,
          "recall": 1.0,
          "f0.5": 0.8798283261802574
        },
        "correction": {
          "true_positives": 82,
          "false_positives": 14,
          "false_negatives": 0,
          "precision": 0.8541666666666666,
          "recall": 1.0,
          "f0.5": 0.8798283261802574
        },
        "sentence_exact_accuracy": 0.6585365853658537,
        "false_positives_per_1000_words": 18.97018970189702
      },
      "gulf": {
        "cases": 42,
        "words": 756,
        "span": {
          "true_positives": 84,
          "false_positives": 14,
          "false_negatives": 42,
          "precision": 0.8571428571428571,
          "recall": 0.6666666666666666,
          "f0.5": 0.8108108108108107
        },
        "correction": {
          "true_positives": 84,
          "false_positives": 14,
          "false_negatives": 42,
          "precision": 0.8571428571428571,
          "recall": 0.6666666666666666,
          "f0.5": 0.8108108108108107
        },
        "sentence_exact_accuracy": 0.0,
        "false_positives_per_1000_words": 18.51851851851852
      },
      "iraqi": {
        "cases": 42,
        "words": 760,
        "span": {
          "true_positives": 0,
          "false_positives": 0,
          "false_negatives": 0,
          "precision": 1.0,
          "recall": 1.0,
          "f0.5": 1.0
        },
        "correction": {
          "true_positives": 0,
          "false_positives": 0,
          "false_negatives": 0,
          "precision": 1.0,
          "recall": 1.0,
          "f0.5": 1.0
        },
        "sentence_exact_accuracy": 1.0,
        "false_positives_per_1000_words": 0.0
      },
      "levantine": {
        "cases": 42,
        "words": 764,
        "span": {
          "true_positives": 0,
          "false_positives": 0,
          "false_negatives": 0,
          "precision": 1.0,
          "recall": 1.0,
          "f0.5": 1.0
        },
        "correction": {
          "true_positives": 0,
          "false_positives": 0,
          "false_negatives": 0,
          "precision": 1.0,
          "recall": 1.0,
          "f0.5": 1.0
        },
        "sentence_exact_accuracy": 1.0,
        "false_positives_per_1000_words": 0.0
      },
      "msa": {
        "cases": 583,
        "words": 10208,
        "span": {
          "true_positives": 245,
          "false_positives": 56,
          "false_negatives": 89,
          "precision": 0.813953488372093,
          "recall": 0.7335329341317365,
          "f0.5": 0.7964889466840052
        },
        "correction": {
          "true_positives": 245,
          "false_positives": 56,
          "false_negatives": 89,
          "precision": 0.813953488372093,
          "recall": 0.7335329341317365,
          "f0.5": 0.7964889466840052
        },
        "sentence_exact_accuracy": 0.7804459691252144,
        "false_positives_per_1000_words": 5.4858934169279
      }
    }
  },
  "failures": []
}
